State,Median_Income,Year,Date
United States,59039.0,2016,2016-01-01
Alabama,47221.0,2016,2016-01-01
Alaska,75723.0,2016,2016-01-01
Arizona,57100.0,2016,2016-01-01
Arkansas,45907.0,2016,2016-01-01
California,66637.0,2016,2016-01-01
Colorado,70566.0,2016,2016-01-01
Connecticut,75923.0,2016,2016-01-01
Delaware,58046.0,2016,2016-01-01
D.C.,70982.0,2016,2016-01-01
Florida,51176.0,2016,2016-01-01
Georgia,53527.0,2016,2016-01-01
Hawaii,72133.0,2016,2016-01-01
Idaho,56564.0,2016,2016-01-01
Illinois,61386.0,2016,2016-01-01
Indiana,56094.0,2016,2016-01-01
Iowa,59094.0,2016,2016-01-01
Kansas,56810.0,2016,2016-01-01
Kentucky,45369.0,2016,2016-01-01
Louisiana,42196.0,2016,2016-01-01
Maine,50856.0,2016,2016-01-01
Maryland,73760.0,2016,2016-01-01
Massachusetts,72266.0,2016,2016-01-01
Michigan,57091.0,2016,2016-01-01
Minnesota,70218.0,2016,2016-01-01
Mississippi,41099.0,2016,2016-01-01
Missouri,55016.0,2016,2016-01-01
Montana,57075.0,2016,2016-01-01
Nebraska,59374.0,2016,2016-01-01
Nevada,55431.0,2016,2016-01-01
New Hampshire,76260.0,2016,2016-01-01
New Jersey,68468.0,2016,2016-01-01
New Mexico,48451.0,2016,2016-01-01
New York,61437.0,2016,2016-01-01
North Carolina,53764.0,2016,2016-01-01
North Dakota,60184.0,2016,2016-01-01
Ohio,53985.0,2016,2016-01-01
Oklahoma,50943.0,2016,2016-01-01
Oregon,59135.0,2016,2016-01-01
Pennsylvania,60979.0,2016,2016-01-01
Rhode Island,61528.0,2016,2016-01-01
South Carolina,54336.0,2016,2016-01-01
South Dakota,57450.0,2016,2016-01-01
Tennessee,51344.0,2016,2016-01-01
Texas,58146.0,2016,2016-01-01
Utah,67481.0,2016,2016-01-01
Vermont,60837.0,2016,2016-01-01
Virginia,66451.0,2016,2016-01-01
Washington,70310.0,2016,2016-01-01
West Virginia,44354.0,2016,2016-01-01
Wisconsin,59817.0,2016,2016-01-01
Wyoming,57829.0,2016,2016-01-01
United States,56516.0,2015,2015-01-01
Alabama,44509.0,2015,2015-01-01
Alaska,75112.0,2015,2015-01-01
Arizona,52248.0,2015,2015-01-01
Arkansas,42798.0,2015,2015-01-01
California,63636.0,2015,2015-01-01
Colorado,66596.0,2015,2015-01-01
Connecticut,72889.0,2015,2015-01-01
Delaware,57756.0,2015,2015-01-01
D.C.,70071.0,2015,2015-01-01
Florida,48825.0,2015,2015-01-01
Georgia,50768.0,2015,2015-01-01
Hawaii,64514.0,2015,2015-01-01
Idaho,51624.0,2015,2015-01-01
Illinois,60413.0,2015,2015-01-01
Indiana,51983.0,2015,2015-01-01
Iowa,60855.0,2015,2015-01-01
Kansas,54865.0,2015,2015-01-01
Kentucky,42387.0,2015,2015-01-01
Louisiana,45922.0,2015,2015-01-01
Maine,50756.0,2015,2015-01-01
Maryland,73594.0,2015,2015-01-01
Massachusetts,67861.0,2015,2015-01-01
Michigan,54203.0,2015,2015-01-01
Minnesota,68730.0,2015,2015-01-01
Mississippi,40037.0,2015,2015-01-01
Missouri,59196.0,2015,2015-01-01
Montana,51395.0,2015,2015-01-01
Nebraska,60474.0,2015,2015-01-01
Nevada,52008.0,2015,2015-01-01
New Hampshire,75675.0,2015,2015-01-01
New Jersey,68357.0,2015,2015-01-01
New Mexico,45119.0,2015,2015-01-01
New York,58005.0,2015,2015-01-01
North Carolina,50797.0,2015,2015-01-01
North Dakota,57415.0,2015,2015-01-01
Ohio,53301.0,2015,2015-01-01
Oklahoma,47077.0,2015,2015-01-01
Oregon,60834.0,2015,2015-01-01
Pennsylvania,60389.0,2015,2015-01-01
Rhode Island,55701.0,2015,2015-01-01
South Carolina,46360.0,2015,2015-01-01
South Dakota,55065.0,2015,2015-01-01
Tennessee,47330.0,2015,2015-01-01
Texas,56473.0,2015,2015-01-01
Utah,66258.0,2015,2015-01-01
Vermont,59494.0,2015,2015-01-01
Virginia,61486.0,2015,2015-01-01
Washington,67243.0,2015,2015-01-01
West Virginia,42824.0,2015,2015-01-01
Wisconsin,55425.0,2015,2015-01-01
Wyoming,60925.0,2015,2015-01-01
United States,53657.0,2014,2014-01-01
Alabama,42278.0,2014,2014-01-01
Alaska,67629.0,2014,2014-01-01
Arizona,49254.0,2014,2014-01-01
Arkansas,44922.0,2014,2014-01-01
California,60487.0,2014,2014-01-01
Colorado,60940.0,2014,2014-01-01
Connecticut,70161.0,2014,2014-01-01
Delaware,57522.0,2014,2014-01-01
D.C.,68277.0,2014,2014-01-01
Florida,46140.0,2014,2014-01-01
Georgia,49555.0,2014,2014-01-01
Hawaii,71223.0,2014,2014-01-01
Idaho,53438.0,2014,2014-01-01
Illinois,54916.0,2014,2014-01-01
Indiana,48060.0,2014,2014-01-01
Iowa,57810.0,2014,2014-01-01
Kansas,53444.0,2014,2014-01-01
Kentucky,42786.0,2014,2014-01-01
Louisiana,42406.0,2014,2014-01-01
Maine,51710.0,2014,2014-01-01
Maryland,76165.0,2014,2014-01-01
Massachusetts,63151.0,2014,2014-01-01
Michigan,52005.0,2014,2014-01-01
Minnesota,67244.0,2014,2014-01-01
Mississippi,35521.0,2014,2014-01-01
Missouri,56630.0,2014,2014-01-01
Montana,51102.0,2014,2014-01-01
Nebraska,56870.0,2014,2014-01-01
Nevada,49875.0,2014,2014-01-01
New Hampshire,73397.0,2014,2014-01-01
New Jersey,65243.0,2014,2014-01-01
New Mexico,46686.0,2014,2014-01-01
New York,54310.0,2014,2014-01-01
North Carolina,46784.0,2014,2014-01-01
North Dakota,60730.0,2014,2014-01-01
Ohio,49644.0,2014,2014-01-01
Oklahoma,47199.0,2014,2014-01-01
Oregon,58875.0,2014,2014-01-01
Pennsylvania,55173.0,2014,2014-01-01
Rhode Island,58633.0,2014,2014-01-01
South Carolina,44929.0,2014,2014-01-01
South Dakota,53053.0,2014,2014-01-01
Tennessee,43716.0,2014,2014-01-01
Texas,53875.0,2014,2014-01-01
Utah,63383.0,2014,2014-01-01
Vermont,60708.0,2014,2014-01-01
Virginia,66155.0,2014,2014-01-01
Washington,59068.0,2014,2014-01-01
West Virginia,39552.0,2014,2014-01-01
Wisconsin,58080.0,2014,2014-01-01
Wyoming,55690.0,2014,2014-01-01
United States,51939.0,2013,2013-01-01
Alabama,41381.0,2013,2013-01-01
Alaska,61137.0,2013,2013-01-01
Arizona,50602.0,2013,2013-01-01
Arkansas,39919.0,2013,2013-01-01
California,57528.0,2013,2013-01-01
Colorado,63371.0,2013,2013-01-01
Connecticut,67781.0,2013,2013-01-01
Delaware,52219.0,2013,2013-01-01
D.C.,60675.0,2013,2013-01-01
Florida,47886.0,2013,2013-01-01
Georgia,47439.0,2013,2013-01-01
Hawaii,61408.0,2013,2013-01-01
Idaho,51767.0,2013,2013-01-01
Illinois,57196.0,2013,2013-01-01
Indiana,50553.0,2013,2013-01-01
Iowa,54855.0,2013,2013-01-01
Kansas,51485.0,2013,2013-01-01
Kentucky,42158.0,2013,2013-01-01
Louisiana,39622.0,2013,2013-01-01
Maine,50121.0,2013,2013-01-01
Maryland,65262.0,2013,2013-01-01
Massachusetts,62963.0,2013,2013-01-01
Michigan,48801.0,2013,2013-01-01
Minnesota,60907.0,2013,2013-01-01
Mississippi,40850.0,2013,2013-01-01
Missouri,50311.0,2013,2013-01-01
Montana,44132.0,2013,2013-01-01
Nebraska,53774.0,2013,2013-01-01
Nevada,45369.0,2013,2013-01-01
New Hampshire,71322.0,2013,2013-01-01
New Jersey,61782.0,2013,2013-01-01
New Mexico,42127.0,2013,2013-01-01
New York,53843.0,2013,2013-01-01
North Carolina,41208.0,2013,2013-01-01
North Dakota,52888.0,2013,2013-01-01
Ohio,46398.0,2013,2013-01-01
Oklahoma,43777.0,2013,2013-01-01
Oregon,56307.0,2013,2013-01-01
Pennsylvania,53952.0,2013,2013-01-01
Rhode Island,57812.0,2013,2013-01-01
South Carolina,43749.0,2013,2013-01-01
South Dakota,54453.0,2013,2013-01-01
Tennessee,42499.0,2013,2013-01-01
Texas,53027.0,2013,2013-01-01
Utah,62967.0,2013,2013-01-01
Vermont,54842.0,2013,2013-01-01
Virginia,67620.0,2013,2013-01-01
Washington,60106.0,2013,2013-01-01
West Virginia,40241.0,2013,2013-01-01
Wisconsin,55258.0,2013,2013-01-01
Wyoming,55700.0,2013,2013-01-01
United States,51017.0,2012,2012-01-01
Alabama,43464.0,2012,2012-01-01
Alaska,63648.0,2012,2012-01-01
Arizona,47044.0,2012,2012-01-01
Arkansas,39018.0,2012,2012-01-01
California,57020.0,2012,2012-01-01
Colorado,57255.0,2012,2012-01-01
Connecticut,64247.0,2012,2012-01-01
Delaware,48972.0,2012,2012-01-01
D.C.,65246.0,2012,2012-01-01
Florida,46071.0,2012,2012-01-01
Georgia,48121.0,2012,2012-01-01
Hawaii,56263.0,2012,2012-01-01
Idaho,47922.0,2012,2012-01-01
Illinois,51738.0,2012,2012-01-01
Indiana,46158.0,2012,2012-01-01
Iowa,53442.0,2012,2012-01-01
Kansas,50003.0,2012,2012-01-01
Kentucky,41086.0,2012,2012-01-01
Louisiana,39085.0,2012,2012-01-01
Maine,49158.0,2012,2012-01-01
Maryland,71836.0,2012,2012-01-01
Massachusetts,63656.0,2012,2012-01-01
Michigan,50015.0,2012,2012-01-01
Minnesota,61795.0,2012,2012-01-01
Mississippi,36641.0,2012,2012-01-01
Missouri,49764.0,2012,2012-01-01
Montana,45088.0,2012,2012-01-01
Nebraska,52196.0,2012,2012-01-01
Nevada,47333.0,2012,2012-01-01
New Hampshire,67819.0,2012,2012-01-01
New Jersey,66692.0,2012,2012-01-01
New Mexico,43424.0,2012,2012-01-01
New York,47680.0,2012,2012-01-01
North Carolina,41553.0,2012,2012-01-01
North Dakota,55766.0,2012,2012-01-01
Ohio,44375.0,2012,2012-01-01
Oklahoma,48407.0,2012,2012-01-01
Oregon,51775.0,2012,2012-01-01
Pennsylvania,51904.0,2012,2012-01-01
Rhode Island,56065.0,2012,2012-01-01
South Carolina,44401.0,2012,2012-01-01
South Dakota,49415.0,2012,2012-01-01
Tennessee,42995.0,2012,2012-01-01
Texas,51926.0,2012,2012-01-01
Utah,58341.0,2012,2012-01-01
Vermont,55582.0,2012,2012-01-01
Virginia,64632.0,2012,2012-01-01
Washington,62187.0,2012,2012-01-01
West Virginia,43553.0,2012,2012-01-01
Wisconsin,53079.0,2012,2012-01-01
Wyoming,57512.0,2012,2012-01-01
United States,50054.0,2011,2011-01-01
Alabama,42590.0,2011,2011-01-01
Alaska,57431.0,2011,2011-01-01
Arizona,48621.0,2011,2011-01-01
Arkansas,41302.0,2011,2011-01-01
California,53367.0,2011,2011-01-01
Colorado,58629.0,2011,2011-01-01
Connecticut,65415.0,2011,2011-01-01
Delaware,54660.0,2011,2011-01-01
D.C.,55251.0,2011,2011-01-01
Florida,45105.0,2011,2011-01-01
Georgia,45973.0,2011,2011-01-01
Hawaii,59047.0,2011,2011-01-01
Idaho,47459.0,2011,2011-01-01
Illinois,50637.0,2011,2011-01-01
Indiana,44445.0,2011,2011-01-01
Iowa,50219.0,2011,2011-01-01
Kansas,46147.0,2011,2011-01-01
Kentucky,39856.0,2011,2011-01-01
Louisiana,40658.0,2011,2011-01-01
Maine,49693.0,2011,2011-01-01
Maryland,68876.0,2011,2011-01-01
Massachusetts,63313.0,2011,2011-01-01
Michigan,48879.0,2011,2011-01-01
Minnesota,57820.0,2011,2011-01-01
Mississippi,41090.0,2011,2011-01-01
Missouri,45774.0,2011,2011-01-01
Montana,40277.0,2011,2011-01-01
Nebraska,55616.0,2011,2011-01-01
Nevada,47043.0,2011,2011-01-01
New Hampshire,65880.0,2011,2011-01-01
New Jersey,62338.0,2011,2011-01-01
New Mexico,41982.0,2011,2011-01-01
New York,50636.0,2011,2011-01-01
North Carolina,45206.0,2011,2011-01-01
North Dakota,56361.0,2011,2011-01-01
Ohio,44648.0,2011,2011-01-01
Oklahoma,48455.0,2011,2011-01-01
Oregon,51526.0,2011,2011-01-01
Pennsylvania,49910.0,2011,2011-01-01
Rhode Island,49033.0,2011,2011-01-01
South Carolina,40084.0,2011,2011-01-01
South Dakota,47223.0,2011,2011-01-01
Tennessee,42279.0,2011,2011-01-01
Texas,49047.0,2011,2011-01-01
Utah,55493.0,2011,2011-01-01
Vermont,51862.0,2011,2011-01-01
Virginia,62616.0,2011,2011-01-01
Washington,56850.0,2011,2011-01-01
West Virginia,41821.0,2011,2011-01-01
Wisconsin,52058.0,2011,2011-01-01
Wyoming,54509.0,2011,2011-01-01
United States,49276.0,2010,2010-01-01
Alabama,40933.0,2010,2010-01-01
Alaska,57848.0,2010,2010-01-01
Arizona,46896.0,2010,2010-01-01
Arkansas,38587.0,2010,2010-01-01
California,54283.0,2010,2010-01-01
Colorado,60233.0,2010,2010-01-01
Connecticut,65998.0,2010,2010-01-01
Delaware,55214.0,2010,2010-01-01
D.C.,56928.0,2010,2010-01-01
Florida,44066.0,2010,2010-01-01
Georgia,44117.0,2010,2010-01-01
Hawaii,59539.0,2010,2010-01-01
Idaho,47050.0,2010,2010-01-01
Illinois,50728.0,2010,2010-01-01
Indiana,46139.0,2010,2010-01-01
Iowa,49016.0,2010,2010-01-01
Kansas,46054.0,2010,2010-01-01
Kentucky,41104.0,2010,2010-01-01
Louisiana,39300.0,2010,2010-01-01
Maine,47931.0,2010,2010-01-01
Maryland,64201.0,2010,2010-01-01
Massachusetts,60934.0,2010,2010-01-01
Michigan,46276.0,2010,2010-01-01
Minnesota,52321.0,2010,2010-01-01
Mississippi,38160.0,2010,2010-01-01
Missouri,45817.0,2010,2010-01-01
Montana,41280.0,2010,2010-01-01
Nebraska,52504.0,2010,2010-01-01
Nevada,51200.0,2010,2010-01-01
New Hampshire,66633.0,2010,2010-01-01
New Jersey,62968.0,2010,2010-01-01
New Mexico,45134.0,2010,2010-01-01
New York,49781.0,2010,2010-01-01
North Carolina,43830.0,2010,2010-01-01
North Dakota,51006.0,2010,2010-01-01
Ohio,45886.0,2010,2010-01-01
Oklahoma,43103.0,2010,2010-01-01
Oregon,50602.0,2010,2010-01-01
Pennsylvania,48314.0,2010,2010-01-01
Rhode Island,51623.0,2010,2010-01-01
South Carolina,41698.0,2010,2010-01-01
South Dakota,45352.0,2010,2010-01-01
Tennessee,38591.0,2010,2010-01-01
Texas,47266.0,2010,2010-01-01
Utah,56701.0,2010,2010-01-01
Vermont,55928.0,2010,2010-01-01
Virginia,60367.0,2010,2010-01-01
Washington,56163.0,2010,2010-01-01
West Virginia,42777.0,2010,2010-01-01
Wisconsin,50351.0,2010,2010-01-01
Wyoming,52201.0,2010,2010-01-01
United States,49777.0,2009,2009-01-01
Alabama,39980.0,2009,2009-01-01
Alaska,61604.0,2009,2009-01-01
Arizona,45739.0,2009,2009-01-01
Arkansas,36538.0,2009,2009-01-01
California,56134.0,2009,2009-01-01
Colorado,55930.0,2009,2009-01-01
Connecticut,64851.0,2009,2009-01-01
Delaware,52114.0,2009,2009-01-01
D.C.,53141.0,2009,2009-01-01
Florida,45631.0,2009,2009-01-01
Georgia,43340.0,2009,2009-01-01
Hawaii,55649.0,2009,2009-01-01
Idaho,46778.0,2009,2009-01-01
Illinois,52870.0,2009,2009-01-01
Indiana,44305.0,2009,2009-01-01
Iowa,50721.0,2009,2009-01-01
Kansas,44717.0,2009,2009-01-01
Kentucky,42664.0,2009,2009-01-01
Louisiana,45433.0,2009,2009-01-01
Maine,47502.0,2009,2009-01-01
Maryland,64186.0,2009,2009-01-01
Massachusetts,59373.0,2009,2009-01-01
Michigan,45994.0,2009,2009-01-01
Minnesota,56090.0,2009,2009-01-01
Mississippi,35078.0,2009,2009-01-01
Missouri,48769.0,2009,2009-01-01
Montana,40437.0,2009,2009-01-01
Nebraska,49595.0,2009,2009-01-01
Nevada,51434.0,2009,2009-01-01
New Hampshire,64131.0,2009,2009-01-01
New Jersey,64777.0,2009,2009-01-01
New Mexico,43542.0,2009,2009-01-01
New York,50216.0,2009,2009-01-01
North Carolina,41906.0,2009,2009-01-01
North Dakota,50075.0,2009,2009-01-01
Ohio,45879.0,2009,2009-01-01
Oklahoma,45878.0,2009,2009-01-01
Oregon,49098.0,2009,2009-01-01
Pennsylvania,48172.0,2009,2009-01-01
Rhode Island,51634.0,2009,2009-01-01
South Carolina,41101.0,2009,2009-01-01
South Dakota,45826.0,2009,2009-01-01
Tennessee,40517.0,2009,2009-01-01
Texas,47475.0,2009,2009-01-01
Utah,58491.0,2009,2009-01-01
Vermont,52318.0,2009,2009-01-01
Virginia,60501.0,2009,2009-01-01
Washington,60392.0,2009,2009-01-01
West Virginia,40490.0,2009,2009-01-01
Wisconsin,51237.0,2009,2009-01-01
Wyoming,52470.0,2009,2009-01-01
United States,50303.0,2008,2008-01-01
Alabama,44476.0,2008,2008-01-01
Alaska,63989.0,2008,2008-01-01
Arizona,46914.0,2008,2008-01-01
Arkansas,39586.0,2008,2008-01-01
California,57014.0,2008,2008-01-01
Colorado,60943.0,2008,2008-01-01
Connecticut,64682.0,2008,2008-01-01
Delaware,50702.0,2008,2008-01-01
D.C.,55590.0,2008,2008-01-01
Florida,44857.0,2008,2008-01-01
Georgia,46227.0,2008,2008-01-01
Hawaii,61521.0,2008,2008-01-01
Idaho,47420.0,2008,2008-01-01
Illinois,53254.0,2008,2008-01-01
Indiana,46520.0,2008,2008-01-01
Iowa,50142.0,2008,2008-01-01
Kansas,47877.0,2008,2008-01-01
Kentucky,41148.0,2008,2008-01-01
Louisiana,39563.0,2008,2008-01-01
Maine,47228.0,2008,2008-01-01
Maryland,63711.0,2008,2008-01-01
Massachusetts,60320.0,2008,2008-01-01
Michigan,49788.0,2008,2008-01-01
Minnesota,54925.0,2008,2008-01-01
Mississippi,36446.0,2008,2008-01-01
Missouri,46038.0,2008,2008-01-01
Montana,42900.0,2008,2008-01-01
Nebraska,50728.0,2008,2008-01-01
Nevada,54744.0,2008,2008-01-01
New Hampshire,66176.0,2008,2008-01-01
New Jersey,65306.0,2008,2008-01-01
New Mexico,42102.0,2008,2008-01-01
New York,50461.0,2008,2008-01-01
North Carolina,42930.0,2008,2008-01-01
North Dakota,49631.0,2008,2008-01-01
Ohio,46934.0,2008,2008-01-01
Oklahoma,46111.0,2008,2008-01-01
Oregon,51727.0,2008,2008-01-01
Pennsylvania,51402.0,2008,2008-01-01
Rhode Island,53241.0,2008,2008-01-01
South Carolina,42155.0,2008,2008-01-01
South Dakota,51600.0,2008,2008-01-01
Tennessee,39702.0,2008,2008-01-01
Texas,46490.0,2008,2008-01-01
Utah,62537.0,2008,2008-01-01
Vermont,50706.0,2008,2008-01-01
Virginia,61985.0,2008,2008-01-01
Washington,56631.0,2008,2008-01-01
West Virginia,37994.0,2008,2008-01-01
Wisconsin,51200.0,2008,2008-01-01
Wyoming,53337.0,2008,2008-01-01
United States,50233.0,2007,2007-01-01
Alabama,42212.0,2007,2007-01-01
Alaska,62993.0,2007,2007-01-01
Arizona,47215.0,2007,2007-01-01
Arkansas,40795.0,2007,2007-01-01
California,55734.0,2007,2007-01-01
Colorado,61141.0,2007,2007-01-01
Connecticut,64141.0,2007,2007-01-01
Delaware,54589.0,2007,2007-01-01
D.C.,50783.0,2007,2007-01-01
Florida,45794.0,2007,2007-01-01
Georgia,48641.0,2007,2007-01-01
Hawaii,64022.0,2007,2007-01-01
Idaho,49184.0,2007,2007-01-01
Illinois,52506.0,2007,2007-01-01
Indiana,47453.0,2007,2007-01-01
Iowa,48908.0,2007,2007-01-01
Kansas,48497.0,2007,2007-01-01
Kentucky,39452.0,2007,2007-01-01
Louisiana,41313.0,2007,2007-01-01
Maine,47894.0,2007,2007-01-01
Maryland,65630.0,2007,2007-01-01
Massachusetts,58463.0,2007,2007-01-01
Michigan,49370.0,2007,2007-01-01
Minnesota,58058.0,2007,2007-01-01
Mississippi,37279.0,2007,2007-01-01
Missouri,46005.0,2007,2007-01-01
Montana,43655.0,2007,2007-01-01
Nebraska,49174.0,2007,2007-01-01
Nevada,54058.0,2007,2007-01-01
New Hampshire,67576.0,2007,2007-01-01
New Jersey,60508.0,2007,2007-01-01
New Mexico,44356.0,2007,2007-01-01
New York,48944.0,2007,2007-01-01
North Carolina,43513.0,2007,2007-01-01
North Dakota,47205.0,2007,2007-01-01
Ohio,49099.0,2007,2007-01-01
Oklahoma,43216.0,2007,2007-01-01
Oregon,50236.0,2007,2007-01-01
Pennsylvania,48437.0,2007,2007-01-01
Rhode Island,54210.0,2007,2007-01-01
South Carolina,44213.0,2007,2007-01-01
South Dakota,46418.0,2007,2007-01-01
Tennessee,41195.0,2007,2007-01-01
Texas,46053.0,2007,2007-01-01
Utah,53529.0,2007,2007-01-01
Vermont,47390.0,2007,2007-01-01
Virginia,59161.0,2007,2007-01-01
Washington,58080.0,2007,2007-01-01
West Virginia,42091.0,2007,2007-01-01
Wisconsin,51277.0,2007,2007-01-01
Wyoming,48744.0,2007,2007-01-01
United States,48201.0,2006,2006-01-01
Alabama,37952.0,2006,2006-01-01
Alaska,56418.0,2006,2006-01-01
Arizona,46657.0,2006,2006-01-01
Arkansas,37057.0,2006,2006-01-01
California,55319.0,2006,2006-01-01
Colorado,55697.0,2006,2006-01-01
Connecticut,62404.0,2006,2006-01-01
Delaware,52438.0,2006,2006-01-01
D.C.,48477.0,2006,2006-01-01
Florida,45676.0,2006,2006-01-01
Georgia,49344.0,2006,2006-01-01
Hawaii,60470.0,2006,2006-01-01
Idaho,46213.0,2006,2006-01-01
Illinois,48671.0,2006,2006-01-01
Indiana,45407.0,2006,2006-01-01
Iowa,48126.0,2006,2006-01-01
Kansas,45552.0,2006,2006-01-01
Kentucky,39485.0,2006,2006-01-01
Louisiana,36488.0,2006,2006-01-01
Maine,45642.0,2006,2006-01-01
Maryland,63668.0,2006,2006-01-01
Massachusetts,55330.0,2006,2006-01-01
Michigan,48647.0,2006,2006-01-01
Minnesota,56211.0,2006,2006-01-01
Mississippi,34733.0,2006,2006-01-01
Missouri,44579.0,2006,2006-01-01
Montana,41105.0,2006,2006-01-01
Nebraska,48145.0,2006,2006-01-01
Nevada,52282.0,2006,2006-01-01
New Hampshire,61970.0,2006,2006-01-01
New Jersey,68059.0,2006,2006-01-01
New Mexico,40028.0,2006,2006-01-01
New York,48222.0,2006,2006-01-01
North Carolina,39797.0,2006,2006-01-01
North Dakota,41047.0,2006,2006-01-01
Ohio,45900.0,2006,2006-01-01
Oklahoma,38838.0,2006,2006-01-01
Oregon,47091.0,2006,2006-01-01
Pennsylvania,48477.0,2006,2006-01-01
Rhode Island,53736.0,2006,2006-01-01
South Carolina,39617.0,2006,2006-01-01
South Dakota,45427.0,2006,2006-01-01
Tennessee,40693.0,2006,2006-01-01
Texas,43307.0,2006,2006-01-01
Utah,54628.0,2006,2006-01-01
Vermont,51981.0,2006,2006-01-01
Virginia,57119.0,2006,2006-01-01
Washington,54723.0,2006,2006-01-01
West Virginia,38419.0,2006,2006-01-01
Wisconsin,51692.0,2006,2006-01-01
Wyoming,47041.0,2006,2006-01-01
United States,46326.0,2005,2005-01-01
Alabama,37150.0,2005,2005-01-01
Alaska,55891.0,2005,2005-01-01
Arizona,45245.0,2005,2005-01-01
Arkansas,36658.0,2005,2005-01-01
California,51755.0,2005,2005-01-01
Colorado,50449.0,2005,2005-01-01
Connecticut,56835.0,2005,2005-01-01
Delaware,51235.0,2005,2005-01-01
D.C.,44993.0,2005,2005-01-01
Florida,42990.0,2005,2005-01-01
Georgia,45926.0,2005,2005-01-01
Hawaii,59586.0,2005,2005-01-01
Idaho,44176.0,2005,2005-01-01
Illinois,48398.0,2005,2005-01-01
Indiana,42437.0,2005,2005-01-01
Iowa,46500.0,2005,2005-01-01
Kansas,42027.0,2005,2005-01-01
Kentucky,36699.0,2005,2005-01-01
Louisiana,37236.0,2005,2005-01-01
Maine,43923.0,2005,2005-01-01
Maryland,60512.0,2005,2005-01-01
Massachusetts,56017.0,2005,2005-01-01
Michigan,45933.0,2005,2005-01-01
Minnesota,54215.0,2005,2005-01-01
Mississippi,32875.0,2005,2005-01-01
Missouri,42986.0,2005,2005-01-01
Montana,37313.0,2005,2005-01-01
Nebraska,47923.0,2005,2005-01-01
Nevada,48209.0,2005,2005-01-01
New Hampshire,56984.0,2005,2005-01-01
New Jersey,63368.0,2005,2005-01-01
New Mexico,38947.0,2005,2005-01-01
New York,47176.0,2005,2005-01-01
North Carolina,42056.0,2005,2005-01-01
North Dakota,42192.0,2005,2005-01-01
Ohio,44203.0,2005,2005-01-01
Oklahoma,37645.0,2005,2005-01-01
Oregon,44159.0,2005,2005-01-01
Pennsylvania,46300.0,2005,2005-01-01
Rhode Island,49484.0,2005,2005-01-01
South Carolina,40230.0,2005,2005-01-01
South Dakota,43151.0,2005,2005-01-01
Tennessee,39406.0,2005,2005-01-01
Texas,41422.0,2005,2005-01-01
Utah,54813.0,2005,2005-01-01
Vermont,50704.0,2005,2005-01-01
Virginia,51914.0,2005,2005-01-01
Washington,50646.0,2005,2005-01-01
West Virginia,36445.0,2005,2005-01-01
Wisconsin,44650.0,2005,2005-01-01
Wyoming,44718.0,2005,2005-01-01
United States,44334.0,2004,2004-01-01
Alabama,36629.0,2004,2004-01-01
Alaska,55063.0,2004,2004-01-01
Arizona,43846.0,2004,2004-01-01
Arkansas,34984.0,2004,2004-01-01
California,49222.0,2004,2004-01-01
Colorado,50886.0,2004,2004-01-01
Connecticut,55100.0,2004,2004-01-01
Delaware,48049.0,2004,2004-01-01
D.C.,43451.0,2004,2004-01-01
Florida,40535.0,2004,2004-01-01
Georgia,40984.0,2004,2004-01-01
Hawaii,56242.0,2004,2004-01-01
Idaho,44358.0,2004,2004-01-01
Illinois,46077.0,2004,2004-01-01
Indiana,42329.0,2004,2004-01-01
Iowa,43391.0,2004,2004-01-01
Kansas,41066.0,2004,2004-01-01
Kentucky,35610.0,2004,2004-01-01
Louisiana,36429.0,2004,2004-01-01
Maine,41329.0,2004,2004-01-01
Maryland,57103.0,2004,2004-01-01
Massachusetts,52019.0,2004,2004-01-01
Michigan,42256.0,2004,2004-01-01
Minnesota,56104.0,2004,2004-01-01
Mississippi,34755.0,2004,2004-01-01
Missouri,42137.0,2004,2004-01-01
Montana,33956.0,2004,2004-01-01
Nebraska,43786.0,2004,2004-01-01
Nevada,47204.0,2004,2004-01-01
New Hampshire,56815.0,2004,2004-01-01
New Jersey,55275.0,2004,2004-01-01
New Mexico,39562.0,2004,2004-01-01
New York,44649.0,2004,2004-01-01
North Carolina,40238.0,2004,2004-01-01
North Dakota,39220.0,2004,2004-01-01
Ohio,43055.0,2004,2004-01-01
Oklahoma,39614.0,2004,2004-01-01
Oregon,40994.0,2004,2004-01-01
Pennsylvania,44106.0,2004,2004-01-01
Rhode Island,47935.0,2004,2004-01-01
South Carolina,38691.0,2004,2004-01-01
South Dakota,41107.0,2004,2004-01-01
Tennessee,38072.0,2004,2004-01-01
Texas,41397.0,2004,2004-01-01
Utah,50871.0,2004,2004-01-01
Vermont,47329.0,2004,2004-01-01
Virginia,51141.0,2004,2004-01-01
Washington,49922.0,2004,2004-01-01
West Virginia,33373.0,2004,2004-01-01
Wisconsin,45732.0,2004,2004-01-01
Wyoming,45397.0,2004,2004-01-01
United States,43318.0,2003,2003-01-01
Alabama,37255.0,2003,2003-01-01
Alaska,51837.0,2003,2003-01-01
Arizona,41166.0,2003,2003-01-01
Arkansas,32002.0,2003,2003-01-01
California,49300.0,2003,2003-01-01
Colorado,49940.0,2003,2003-01-01
Connecticut,54965.0,2003,2003-01-01
Delaware,49019.0,2003,2003-01-01
D.C.,45044.0,2003,2003-01-01
Florida,38972.0,2003,2003-01-01
Georgia,42438.0,2003,2003-01-01
Hawaii,51834.0,2003,2003-01-01
Idaho,42372.0,2003,2003-01-01
Illinois,45153.0,2003,2003-01-01
Indiana,42425.0,2003,2003-01-01
Iowa,41384.0,2003,2003-01-01
Kansas,44232.0,2003,2003-01-01
Kentucky,36936.0,2003,2003-01-01
Louisiana,33507.0,2003,2003-01-01
Maine,37113.0,2003,2003-01-01
Maryland,52314.0,2003,2003-01-01
Massachusetts,50955.0,2003,2003-01-01
Michigan,45022.0,2003,2003-01-01
Minnesota,52823.0,2003,2003-01-01
Mississippi,32728.0,2003,2003-01-01
Missouri,43762.0,2003,2003-01-01
Montana,34108.0,2003,2003-01-01
Nebraska,43974.0,2003,2003-01-01
Nevada,45184.0,2003,2003-01-01
New Hampshire,55567.0,2003,2003-01-01
New Jersey,56045.0,2003,2003-01-01
New Mexico,35105.0,2003,2003-01-01
New York,42788.0,2003,2003-01-01
North Carolina,37279.0,2003,2003-01-01
North Dakota,40410.0,2003,2003-01-01
Ohio,43520.0,2003,2003-01-01
Oklahoma,35902.0,2003,2003-01-01
Oregon,41638.0,2003,2003-01-01
Pennsylvania,42933.0,2003,2003-01-01
Rhode Island,44711.0,2003,2003-01-01
South Carolina,38479.0,2003,2003-01-01
South Dakota,39522.0,2003,2003-01-01
Tennessee,37523.0,2003,2003-01-01
Texas,39271.0,2003,2003-01-01
Utah,49275.0,2003,2003-01-01
Vermont,43261.0,2003,2003-01-01
Virginia,54783.0,2003,2003-01-01
Washington,47508.0,2003,2003-01-01
West Virginia,32763.0,2003,2003-01-01
Wisconsin,46269.0,2003,2003-01-01
Wyoming,42555.0,2003,2003-01-01
United States,42409.0,2002,2002-01-01
Alabama,37603.0,2002,2002-01-01
Alaska,52774.0,2002,2002-01-01
Arizona,39734.0,2002,2002-01-01
Arkansas,32387.0,2002,2002-01-01
California,47437.0,2002,2002-01-01
Colorado,48294.0,2002,2002-01-01
Connecticut,53387.0,2002,2002-01-01
Delaware,49650.0,2002,2002-01-01
D.C.,39070.0,2002,2002-01-01
Florida,38024.0,2002,2002-01-01
Georgia,42939.0,2002,2002-01-01
Hawaii,47303.0,2002,2002-01-01
Idaho,37715.0,2002,2002-01-01
Illinois,42710.0,2002,2002-01-01
Indiana,41047.0,2002,2002-01-01
Iowa,41049.0,2002,2002-01-01
Kansas,42619.0,2002,2002-01-01
Kentucky,36762.0,2002,2002-01-01
Louisiana,34008.0,2002,2002-01-01
Maine,36853.0,2002,2002-01-01
Maryland,56407.0,2002,2002-01-01
Massachusetts,49855.0,2002,2002-01-01
Michigan,42715.0,2002,2002-01-01
Minnesota,54622.0,2002,2002-01-01
Mississippi,30882.0,2002,2002-01-01
Missouri,42776.0,2002,2002-01-01
Montana,34835.0,2002,2002-01-01
Nebraska,42796.0,2002,2002-01-01
Nevada,44958.0,2002,2002-01-01
New Hampshire,55321.0,2002,2002-01-01
New Jersey,54568.0,2002,2002-01-01
New Mexico,35457.0,2002,2002-01-01
New York,41966.0,2002,2002-01-01
North Carolina,36515.0,2002,2002-01-01
North Dakota,36200.0,2002,2002-01-01
Ohio,42684.0,2002,2002-01-01
Oklahoma,36458.0,2002,2002-01-01
Oregon,41802.0,2002,2002-01-01
Pennsylvania,42498.0,2002,2002-01-01
Rhode Island,42417.0,2002,2002-01-01
South Carolina,37812.0,2002,2002-01-01
South Dakota,37873.0,2002,2002-01-01
Tennessee,37030.0,2002,2002-01-01
Texas,40149.0,2002,2002-01-01
Utah,47861.0,2002,2002-01-01
Vermont,42999.0,2002,2002-01-01
Virginia,49631.0,2002,2002-01-01
Washington,45183.0,2002,2002-01-01
West Virginia,29359.0,2002,2002-01-01
Wisconsin,45903.0,2002,2002-01-01
Wyoming,39763.0,2002,2002-01-01
United States,42228.0,2001,2001-01-01
Alabama,35160.0,2001,2001-01-01
Alaska,57363.0,2001,2001-01-01
Arizona,42704.0,2001,2001-01-01
Arkansas,33339.0,2001,2001-01-01
California,47262.0,2001,2001-01-01
Colorado,49397.0,2001,2001-01-01
Connecticut,53347.0,2001,2001-01-01
Delaware,49602.0,2001,2001-01-01
D.C.,41169.0,2001,2001-01-01
Florida,36421.0,2001,2001-01-01
Georgia,42576.0,2001,2001-01-01
Hawaii,47439.0,2001,2001-01-01
Idaho,38241.0,2001,2001-01-01
Illinois,46171.0,2001,2001-01-01
Indiana,40379.0,2001,2001-01-01
Iowa,40976.0,2001,2001-01-01
Kansas,41415.0,2001,2001-01-01
Kentucky,38437.0,2001,2001-01-01
Louisiana,33322.0,2001,2001-01-01
Maine,36612.0,2001,2001-01-01
Maryland,53530.0,2001,2001-01-01
Massachusetts,52253.0,2001,2001-01-01
Michigan,45047.0,2001,2001-01-01
Minnesota,52681.0,2001,2001-01-01
Mississippi,30161.0,2001,2001-01-01
Missouri,41339.0,2001,2001-01-01
Montana,32126.0,2001,2001-01-01
Nebraska,43611.0,2001,2001-01-01
Nevada,45403.0,2001,2001-01-01
New Hampshire,51331.0,2001,2001-01-01
New Jersey,51771.0,2001,2001-01-01
New Mexico,33124.0,2001,2001-01-01
New York,42114.0,2001,2001-01-01
North Carolina,38162.0,2001,2001-01-01
North Dakota,35793.0,2001,2001-01-01
Ohio,41785.0,2001,2001-01-01
Oklahoma,35609.0,2001,2001-01-01
Oregon,41273.0,2001,2001-01-01
Pennsylvania,43499.0,2001,2001-01-01
Rhode Island,45723.0,2001,2001-01-01
South Carolina,37736.0,2001,2001-01-01
South Dakota,39671.0,2001,2001-01-01
Tennessee,35783.0,2001,2001-01-01
Texas,40860.0,2001,2001-01-01
Utah,47342.0,2001,2001-01-01
Vermont,40794.0,2001,2001-01-01
Virginia,50241.0,2001,2001-01-01
Washington,42490.0,2001,2001-01-01
West Virginia,29673.0,2001,2001-01-01
Wisconsin,45346.0,2001,2001-01-01
Wyoming,39719.0,2001,2001-01-01
United States,41990.0,2000,2000-01-01
Alabama,35424.0,2000,2000-01-01
Alaska,52847.0,2000,2000-01-01
Arizona,39783.0,2000,2000-01-01
Arkansas,29697.0,2000,2000-01-01
California,46816.0,2000,2000-01-01
Colorado,48240.0,2000,2000-01-01
Connecticut,50172.0,2000,2000-01-01
Delaware,50365.0,2000,2000-01-01
D.C.,41222.0,2000,2000-01-01
Florida,38856.0,2000,2000-01-01
Georgia,41901.0,2000,2000-01-01
Hawaii,51546.0,2000,2000-01-01
Idaho,37611.0,2000,2000-01-01
Illinois,46064.0,2000,2000-01-01
Indiana,40865.0,2000,2000-01-01
Iowa,40991.0,2000,2000-01-01
Kansas,41059.0,2000,2000-01-01
Kentucky,36265.0,2000,2000-01-01
Louisiana,30718.0,2000,2000-01-01
Maine,37266.0,2000,2000-01-01
Maryland,54535.0,2000,2000-01-01
Massachusetts,46753.0,2000,2000-01-01
Michigan,45512.0,2000,2000-01-01
Minnesota,54251.0,2000,2000-01-01
Mississippi,34299.0,2000,2000-01-01
Missouri,45097.0,2000,2000-01-01
Montana,32777.0,2000,2000-01-01
Nebraska,41750.0,2000,2000-01-01
Nevada,45758.0,2000,2000-01-01
New Hampshire,50926.0,2000,2000-01-01
New Jersey,50405.0,2000,2000-01-01
New Mexico,35093.0,2000,2000-01-01
New York,40744.0,2000,2000-01-01
North Carolina,38317.0,2000,2000-01-01
North Dakota,35996.0,2000,2000-01-01
Ohio,42962.0,2000,2000-01-01
Oklahoma,32432.0,2000,2000-01-01
Oregon,42499.0,2000,2000-01-01
Pennsylvania,42176.0,2000,2000-01-01
Rhode Island,42197.0,2000,2000-01-01
South Carolina,37570.0,2000,2000-01-01
South Dakota,36475.0,2000,2000-01-01
Tennessee,34096.0,2000,2000-01-01
Texas,38609.0,2000,2000-01-01
Utah,47550.0,2000,2000-01-01
Vermont,39594.0,2000,2000-01-01
Virginia,47163.0,2000,2000-01-01
Washington,42525.0,2000,2000-01-01
West Virginia,29411.0,2000,2000-01-01
Wisconsin,45088.0,2000,2000-01-01
Wyoming,39629.0,2000,2000-01-01
United States,40696.0,1999,1999-01-01
Alabama,36251.0,1999,1999-01-01
Alaska,51396.0,1999,1999-01-01
Arizona,36995.0,1999,1999-01-01
Arkansas,29682.0,1999,1999-01-01
California,43629.0,1999,1999-01-01
Colorado,48177.0,1999,1999-01-01
Connecticut,50593.0,1999,1999-01-01
Delaware,46628.0,1999,1999-01-01
D.C.,38670.0,1999,1999-01-01
Florida,35831.0,1999,1999-01-01
Georgia,39425.0,1999,1999-01-01
Hawaii,44504.0,1999,1999-01-01
Idaho,35800.0,1999,1999-01-01
Illinois,46330.0,1999,1999-01-01
Indiana,40838.0,1999,1999-01-01
Iowa,41098.0,1999,1999-01-01
Kansas,37348.0,1999,1999-01-01
Kentucky,33738.0,1999,1999-01-01
Louisiana,32654.0,1999,1999-01-01
Maine,38862.0,1999,1999-01-01
Maryland,52205.0,1999,1999-01-01
Massachusetts,44005.0,1999,1999-01-01
Michigan,46089.0,1999,1999-01-01
Minnesota,47038.0,1999,1999-01-01
Mississippi,32478.0,1999,1999-01-01
Missouri,41383.0,1999,1999-01-01
Montana,31038.0,1999,1999-01-01
Nebraska,38626.0,1999,1999-01-01
Nevada,41461.0,1999,1999-01-01
New Hampshire,46055.0,1999,1999-01-01
New Jersey,49734.0,1999,1999-01-01
New Mexico,32574.0,1999,1999-01-01
New York,39989.0,1999,1999-01-01
North Carolina,37254.0,1999,1999-01-01
North Dakota,32663.0,1999,1999-01-01
Ohio,39489.0,1999,1999-01-01
Oklahoma,32683.0,1999,1999-01-01
Oregon,40619.0,1999,1999-01-01
Pennsylvania,37758.0,1999,1999-01-01
Rhode Island,42719.0,1999,1999-01-01
South Carolina,36462.0,1999,1999-01-01
South Dakota,35828.0,1999,1999-01-01
Tennessee,36522.0,1999,1999-01-01
Texas,38688.0,1999,1999-01-01
Utah,46050.0,1999,1999-01-01
Vermont,41584.0,1999,1999-01-01
Virginia,45693.0,1999,1999-01-01
Washington,45473.0,1999,1999-01-01
West Virginia,29297.0,1999,1999-01-01
Wisconsin,45667.0,1999,1999-01-01
Wyoming,37248.0,1999,1999-01-01
United States,38885.0,1998,1998-01-01
Alabama,36266.0,1998,1998-01-01
Alaska,50692.0,1998,1998-01-01
Arizona,37090.0,1998,1998-01-01
Arkansas,27665.0,1998,1998-01-01
California,40934.0,1998,1998-01-01
Colorado,46599.0,1998,1998-01-01
Connecticut,46508.0,1998,1998-01-01
Delaware,41458.0,1998,1998-01-01
D.C.,33433.0,1998,1998-01-01
Florida,34909.0,1998,1998-01-01
Georgia,38665.0,1998,1998-01-01
Hawaii,40827.0,1998,1998-01-01
Idaho,36680.0,1998,1998-01-01
Illinois,43178.0,1998,1998-01-01
Indiana,39731.0,1998,1998-01-01
Iowa,37019.0,1998,1998-01-01
Kansas,36711.0,1998,1998-01-01
Kentucky,36252.0,1998,1998-01-01
Louisiana,31735.0,1998,1998-01-01
Maine,35640.0,1998,1998-01-01
Maryland,50016.0,1998,1998-01-01
Massachusetts,42345.0,1998,1998-01-01
Michigan,41821.0,1998,1998-01-01
Minnesota,47926.0,1998,1998-01-01
Mississippi,29120.0,1998,1998-01-01
Missouri,40201.0,1998,1998-01-01
Montana,31577.0,1998,1998-01-01
Nebraska,36413.0,1998,1998-01-01
Nevada,39756.0,1998,1998-01-01
New Hampshire,44958.0,1998,1998-01-01
New Jersey,49826.0,1998,1998-01-01
New Mexico,31543.0,1998,1998-01-01
New York,37394.0,1998,1998-01-01
North Carolina,35838.0,1998,1998-01-01
North Dakota,30304.0,1998,1998-01-01
Ohio,38925.0,1998,1998-01-01
Oklahoma,33727.0,1998,1998-01-01
Oregon,39067.0,1998,1998-01-01
Pennsylvania,39015.0,1998,1998-01-01
Rhode Island,40686.0,1998,1998-01-01
South Carolina,33267.0,1998,1998-01-01
South Dakota,32786.0,1998,1998-01-01
Tennessee,34091.0,1998,1998-01-01
Texas,35783.0,1998,1998-01-01
Utah,44299.0,1998,1998-01-01
Vermont,39372.0,1998,1998-01-01
Virginia,43354.0,1998,1998-01-01
Washington,47421.0,1998,1998-01-01
West Virginia,26704.0,1998,1998-01-01
Wisconsin,41327.0,1998,1998-01-01
Wyoming,35250.0,1998,1998-01-01
United States,37005.0,1997,1997-01-01
Alabama,31939.0,1997,1997-01-01
Alaska,47994.0,1997,1997-01-01
Arizona,32740.0,1997,1997-01-01
Arkansas,26162.0,1997,1997-01-01
California,39694.0,1997,1997-01-01
Colorado,43233.0,1997,1997-01-01
Connecticut,43985.0,1997,1997-01-01
Delaware,43033.0,1997,1997-01-01
D.C.,31860.0,1997,1997-01-01
Florida,32455.0,1997,1997-01-01
Georgia,36663.0,1997,1997-01-01
Hawaii,40934.0,1997,1997-01-01
Idaho,33404.0,1997,1997-01-01
Illinois,41283.0,1997,1997-01-01
Indiana,38889.0,1997,1997-01-01
Iowa,33783.0,1997,1997-01-01
Kansas,36471.0,1997,1997-01-01
Kentucky,33452.0,1997,1997-01-01
Louisiana,33260.0,1997,1997-01-01
Maine,32772.0,1997,1997-01-01
Maryland,46685.0,1997,1997-01-01
Massachusetts,42023.0,1997,1997-01-01
Michigan,38742.0,1997,1997-01-01
Minnesota,42564.0,1997,1997-01-01
Mississippi,28499.0,1997,1997-01-01
Missouri,36553.0,1997,1997-01-01
Montana,29212.0,1997,1997-01-01
Nebraska,34692.0,1997,1997-01-01
Nevada,38854.0,1997,1997-01-01
New Hampshire,40998.0,1997,1997-01-01
New Jersey,48021.0,1997,1997-01-01
New Mexico,30086.0,1997,1997-01-01
New York,35798.0,1997,1997-01-01
North Carolina,35840.0,1997,1997-01-01
North Dakota,31661.0,1997,1997-01-01
Ohio,36134.0,1997,1997-01-01
Oklahoma,31351.0,1997,1997-01-01
Oregon,37247.0,1997,1997-01-01
Pennsylvania,37517.0,1997,1997-01-01
Rhode Island,34797.0,1997,1997-01-01
South Carolina,34262.0,1997,1997-01-01
South Dakota,29694.0,1997,1997-01-01
Tennessee,30636.0,1997,1997-01-01
Texas,35075.0,1997,1997-01-01
Utah,42775.0,1997,1997-01-01
Vermont,35053.0,1997,1997-01-01
Virginia,42957.0,1997,1997-01-01
Washington,44562.0,1997,1997-01-01
West Virginia,27488.0,1997,1997-01-01
Wisconsin,39595.0,1997,1997-01-01
Wyoming,33423.0,1997,1997-01-01
United States,35492.0,1996,1996-01-01
Alabama,30302.0,1996,1996-01-01
Alaska,52779.0,1996,1996-01-01
Arizona,31637.0,1996,1996-01-01
Arkansas,27123.0,1996,1996-01-01
California,38812.0,1996,1996-01-01
Colorado,40950.0,1996,1996-01-01
Connecticut,42119.0,1996,1996-01-01
Delaware,39309.0,1996,1996-01-01
D.C.,31966.0,1996,1996-01-01
Florida,30641.0,1996,1996-01-01
Georgia,32496.0,1996,1996-01-01
Hawaii,41772.0,1996,1996-01-01
Idaho,34709.0,1996,1996-01-01
Illinois,39554.0,1996,1996-01-01
Indiana,35147.0,1996,1996-01-01
Iowa,33209.0,1996,1996-01-01
Kansas,32585.0,1996,1996-01-01
Kentucky,32413.0,1996,1996-01-01
Louisiana,30262.0,1996,1996-01-01
Maine,34696.0,1996,1996-01-01
Maryland,43993.0,1996,1996-01-01
Massachusetts,39494.0,1996,1996-01-01
Michigan,39225.0,1996,1996-01-01
Minnesota,40991.0,1996,1996-01-01
Mississippi,26677.0,1996,1996-01-01
Missouri,34265.0,1996,1996-01-01
Montana,28684.0,1996,1996-01-01
Nebraska,34014.0,1996,1996-01-01
Nevada,38540.0,1996,1996-01-01
New Hampshire,39407.0,1996,1996-01-01
New Jersey,47468.0,1996,1996-01-01
New Mexico,25086.0,1996,1996-01-01
New York,35410.0,1996,1996-01-01
North Carolina,35601.0,1996,1996-01-01
North Dakota,31470.0,1996,1996-01-01
Ohio,34070.0,1996,1996-01-01
Oklahoma,27437.0,1996,1996-01-01
Oregon,35492.0,1996,1996-01-01
Pennsylvania,34899.0,1996,1996-01-01
Rhode Island,36986.0,1996,1996-01-01
South Carolina,34665.0,1996,1996-01-01
South Dakota,29526.0,1996,1996-01-01
Tennessee,30790.0,1996,1996-01-01
Texas,33072.0,1996,1996-01-01
Utah,37038.0,1996,1996-01-01
Vermont,32358.0,1996,1996-01-01
Virginia,39211.0,1996,1996-01-01
Washington,36676.0,1996,1996-01-01
West Virginia,25247.0,1996,1996-01-01
Wisconsin,40001.0,1996,1996-01-01
Wyoming,30953.0,1996,1996-01-01
United States,34076.0,1995,1995-01-01
Alabama,25991.0,1995,1995-01-01
Alaska,47954.0,1995,1995-01-01
Arizona,30863.0,1995,1995-01-01
Arkansas,25814.0,1995,1995-01-01
California,37009.0,1995,1995-01-01
Colorado,40706.0,1995,1995-01-01
Connecticut,40243.0,1995,1995-01-01
Delaware,34928.0,1995,1995-01-01
D.C.,30748.0,1995,1995-01-01
Florida,29745.0,1995,1995-01-01
Georgia,34099.0,1995,1995-01-01
Hawaii,42851.0,1995,1995-01-01
Idaho,32676.0,1995,1995-01-01
Illinois,38071.0,1995,1995-01-01
Indiana,33385.0,1995,1995-01-01
Iowa,35519.0,1995,1995-01-01
Kansas,30341.0,1995,1995-01-01
Kentucky,29810.0,1995,1995-01-01
Louisiana,27949.0,1995,1995-01-01
Maine,33858.0,1995,1995-01-01
Maryland,41041.0,1995,1995-01-01
Massachusetts,38574.0,1995,1995-01-01
Michigan,36426.0,1995,1995-01-01
Minnesota,37933.0,1995,1995-01-01
Mississippi,26538.0,1995,1995-01-01
Missouri,34825.0,1995,1995-01-01
Montana,27757.0,1995,1995-01-01
Nebraska,32929.0,1995,1995-01-01
Nevada,36084.0,1995,1995-01-01
New Hampshire,39171.0,1995,1995-01-01
New Jersey,43924.0,1995,1995-01-01
New Mexico,25991.0,1995,1995-01-01
New York,33028.0,1995,1995-01-01
North Carolina,31979.0,1995,1995-01-01
North Dakota,29089.0,1995,1995-01-01
Ohio,34941.0,1995,1995-01-01
Oklahoma,26311.0,1995,1995-01-01
Oregon,36374.0,1995,1995-01-01
Pennsylvania,34524.0,1995,1995-01-01
Rhode Island,35359.0,1995,1995-01-01
South Carolina,29071.0,1995,1995-01-01
South Dakota,29578.0,1995,1995-01-01
Tennessee,29015.0,1995,1995-01-01
Texas,32039.0,1995,1995-01-01
Utah,36480.0,1995,1995-01-01
Vermont,33824.0,1995,1995-01-01
Virginia,36222.0,1995,1995-01-01
Washington,35568.0,1995,1995-01-01
West Virginia,24880.0,1995,1995-01-01
Wisconsin,40955.0,1995,1995-01-01
Wyoming,31529.0,1995,1995-01-01
United States,32264.0,1994,1994-01-01
Alabama,27196.0,1994,1994-01-01
Alaska,45367.0,1994,1994-01-01
Arizona,31293.0,1994,1994-01-01
Arkansas,25565.0,1994,1994-01-01
California,35331.0,1994,1994-01-01
Colorado,37833.0,1994,1994-01-01
Connecticut,41097.0,1994,1994-01-01
Delaware,35873.0,1994,1994-01-01
D.C.,30116.0,1994,1994-01-01
Florida,29294.0,1994,1994-01-01
Georgia,31467.0,1994,1994-01-01
Hawaii,42255.0,1994,1994-01-01
Idaho,31536.0,1994,1994-01-01
Illinois,35081.0,1994,1994-01-01
Indiana,27858.0,1994,1994-01-01
Iowa,33079.0,1994,1994-01-01
Kansas,28322.0,1994,1994-01-01
Kentucky,26595.0,1994,1994-01-01
Louisiana,25676.0,1994,1994-01-01
Maine,30316.0,1994,1994-01-01
Maryland,39198.0,1994,1994-01-01
Massachusetts,40500.0,1994,1994-01-01
Michigan,35284.0,1994,1994-01-01
Minnesota,33644.0,1994,1994-01-01
Mississippi,25400.0,1994,1994-01-01
Missouri,30190.0,1994,1994-01-01
Montana,27631.0,1994,1994-01-01
Nebraska,31794.0,1994,1994-01-01
Nevada,35871.0,1994,1994-01-01
New Hampshire,35245.0,1994,1994-01-01
New Jersey,42280.0,1994,1994-01-01
New Mexico,26905.0,1994,1994-01-01
New York,31899.0,1994,1994-01-01
North Carolina,30114.0,1994,1994-01-01
North Dakota,28278.0,1994,1994-01-01
Ohio,31855.0,1994,1994-01-01
Oklahoma,26991.0,1994,1994-01-01
Oregon,31456.0,1994,1994-01-01
Pennsylvania,32066.0,1994,1994-01-01
Rhode Island,31928.0,1994,1994-01-01
South Carolina,29846.0,1994,1994-01-01
South Dakota,29733.0,1994,1994-01-01
Tennessee,28639.0,1994,1994-01-01
Texas,30755.0,1994,1994-01-01
Utah,35716.0,1994,1994-01-01
Vermont,35802.0,1994,1994-01-01
Virginia,37647.0,1994,1994-01-01
Washington,33533.0,1994,1994-01-01
West Virginia,23564.0,1994,1994-01-01
Wisconsin,35388.0,1994,1994-01-01
Wyoming,33140.0,1994,1994-01-01
United States,31241.0,1993,1993-01-01
Alabama,25082.0,1993,1993-01-01
Alaska,42931.0,1993,1993-01-01
Arizona,30510.0,1993,1993-01-01
Arkansas,23039.0,1993,1993-01-01
California,34073.0,1993,1993-01-01
Colorado,34488.0,1993,1993-01-01
Connecticut,39516.0,1993,1993-01-01
Delaware,36064.0,1993,1993-01-01
D.C.,27304.0,1993,1993-01-01
Florida,28550.0,1993,1993-01-01
Georgia,31663.0,1993,1993-01-01
Hawaii,42662.0,1993,1993-01-01
Idaho,31010.0,1993,1993-01-01
Illinois,32857.0,1993,1993-01-01
Indiana,29475.0,1993,1993-01-01
Iowa,28663.0,1993,1993-01-01
Kansas,29770.0,1993,1993-01-01
Kentucky,24376.0,1993,1993-01-01
Louisiana,26312.0,1993,1993-01-01
Maine,27438.0,1993,1993-01-01
Maryland,39939.0,1993,1993-01-01
Massachusetts,37064.0,1993,1993-01-01
Michigan,32662.0,1993,1993-01-01
Minnesota,33682.0,1993,1993-01-01
Mississippi,22191.0,1993,1993-01-01
Missouri,28682.0,1993,1993-01-01
Montana,26470.0,1993,1993-01-01
Nebraska,31008.0,1993,1993-01-01
Nevada,35814.0,1993,1993-01-01
New Hampshire,37964.0,1993,1993-01-01
New Jersey,40500.0,1993,1993-01-01
New Mexico,26758.0,1993,1993-01-01
New York,31697.0,1993,1993-01-01
North Carolina,28820.0,1993,1993-01-01
North Dakota,28118.0,1993,1993-01-01
Ohio,31285.0,1993,1993-01-01
Oklahoma,26260.0,1993,1993-01-01
Oregon,33138.0,1993,1993-01-01
Pennsylvania,30995.0,1993,1993-01-01
Rhode Island,33509.0,1993,1993-01-01
South Carolina,26053.0,1993,1993-01-01
South Dakota,27737.0,1993,1993-01-01
Tennessee,25102.0,1993,1993-01-01
Texas,28727.0,1993,1993-01-01
Utah,35786.0,1993,1993-01-01
Vermont,31065.0,1993,1993-01-01
Virginia,36433.0,1993,1993-01-01
Washington,35655.0,1993,1993-01-01
West Virginia,22421.0,1993,1993-01-01
Wisconsin,31766.0,1993,1993-01-01
Wyoming,29442.0,1993,1993-01-01
United States,30636.0,1992,1992-01-01
Alabama,25808.0,1992,1992-01-01
Alaska,41802.0,1992,1992-01-01
Arizona,29358.0,1992,1992-01-01
Arkansas,23882.0,1992,1992-01-01
California,34903.0,1992,1992-01-01
Colorado,32484.0,1992,1992-01-01
Connecticut,40841.0,1992,1992-01-01
Delaware,35678.0,1992,1992-01-01
D.C.,30247.0,1992,1992-01-01
Florida,27349.0,1992,1992-01-01
Georgia,28797.0,1992,1992-01-01
Hawaii,42113.0,1992,1992-01-01
Idaho,27704.0,1992,1992-01-01
Illinois,31551.0,1992,1992-01-01
Indiana,28530.0,1992,1992-01-01
Iowa,28743.0,1992,1992-01-01
Kansas,30346.0,1992,1992-01-01
Kentucky,23485.0,1992,1992-01-01
Louisiana,25439.0,1992,1992-01-01
Maine,29617.0,1992,1992-01-01
Maryland,37203.0,1992,1992-01-01
Massachusetts,36359.0,1992,1992-01-01
Michigan,32267.0,1992,1992-01-01
Minnesota,30981.0,1992,1992-01-01
Mississippi,20570.0,1992,1992-01-01
Missouri,27361.0,1992,1992-01-01
Montana,26525.0,1992,1992-01-01
Nebraska,30048.0,1992,1992-01-01
Nevada,31908.0,1992,1992-01-01
New Hampshire,39436.0,1992,1992-01-01
New Jersey,39000.0,1992,1992-01-01
New Mexico,25860.0,1992,1992-01-01
New York,31051.0,1992,1992-01-01
North Carolina,27771.0,1992,1992-01-01
North Dakota,26959.0,1992,1992-01-01
Ohio,31404.0,1992,1992-01-01
Oklahoma,25284.0,1992,1992-01-01
Oregon,31927.0,1992,1992-01-01
Pennsylvania,29882.0,1992,1992-01-01
Rhode Island,30432.0,1992,1992-01-01
South Carolina,27578.0,1992,1992-01-01
South Dakota,26259.0,1992,1992-01-01
Tennessee,24318.0,1992,1992-01-01
Texas,27953.0,1992,1992-01-01
Utah,34251.0,1992,1992-01-01
Vermont,32755.0,1992,1992-01-01
Virginia,38198.0,1992,1992-01-01
Washington,33900.0,1992,1992-01-01
West Virginia,20271.0,1992,1992-01-01
Wisconsin,33308.0,1992,1992-01-01
Wyoming,30209.0,1992,1992-01-01
United States,30126.0,1991,1991-01-01
Alabama,24346.0,1991,1991-01-01
Alaska,40612.0,1991,1991-01-01
Arizona,30737.0,1991,1991-01-01
Arkansas,23435.0,1991,1991-01-01
California,33664.0,1991,1991-01-01
Colorado,31499.0,1991,1991-01-01
Connecticut,42154.0,1991,1991-01-01
Delaware,32585.0,1991,1991-01-01
D.C.,29885.0,1991,1991-01-01
Florida,27252.0,1991,1991-01-01
Georgia,27212.0,1991,1991-01-01
Hawaii,37246.0,1991,1991-01-01
Idaho,26116.0,1991,1991-01-01
Illinois,31884.0,1991,1991-01-01
Indiana,27089.0,1991,1991-01-01
Iowa,28553.0,1991,1991-01-01
Kansas,29295.0,1991,1991-01-01
Kentucky,23764.0,1991,1991-01-01
Louisiana,25299.0,1991,1991-01-01
Maine,27868.0,1991,1991-01-01
Maryland,36952.0,1991,1991-01-01
Massachusetts,35714.0,1991,1991-01-01
Michigan,32117.0,1991,1991-01-01
Minnesota,29479.0,1991,1991-01-01
Mississippi,19475.0,1991,1991-01-01
Missouri,27926.0,1991,1991-01-01
Montana,24827.0,1991,1991-01-01
Nebraska,29549.0,1991,1991-01-01
Nevada,32937.0,1991,1991-01-01
New Hampshire,36032.0,1991,1991-01-01
New Jersey,40049.0,1991,1991-01-01
New Mexico,26540.0,1991,1991-01-01
New York,31794.0,1991,1991-01-01
North Carolina,26853.0,1991,1991-01-01
North Dakota,25892.0,1991,1991-01-01
Ohio,29790.0,1991,1991-01-01
Oklahoma,25462.0,1991,1991-01-01
Oregon,30190.0,1991,1991-01-01
Pennsylvania,30367.0,1991,1991-01-01
Rhode Island,30836.0,1991,1991-01-01
South Carolina,27463.0,1991,1991-01-01
South Dakota,24639.0,1991,1991-01-01
Tennessee,24453.0,1991,1991-01-01
Texas,27733.0,1991,1991-01-01
Utah,28016.0,1991,1991-01-01
Vermont,29155.0,1991,1991-01-01
Virginia,36137.0,1991,1991-01-01
Washington,33970.0,1991,1991-01-01
West Virginia,23147.0,1991,1991-01-01
Wisconsin,31133.0,1991,1991-01-01
Wyoming,29050.0,1991,1991-01-01
United States,29943.0,1990,1990-01-01
Alabama,23357.0,1990,1990-01-01
Alaska,39298.0,1990,1990-01-01
Arizona,29224.0,1990,1990-01-01
Arkansas,22786.0,1990,1990-01-01
California,33290.0,1990,1990-01-01
Colorado,30733.0,1990,1990-01-01
Connecticut,38870.0,1990,1990-01-01
Delaware,30804.0,1990,1990-01-01
D.C.,27392.0,1990,1990-01-01
Florida,26685.0,1990,1990-01-01
Georgia,27561.0,1990,1990-01-01
Hawaii,38921.0,1990,1990-01-01
Idaho,25305.0,1990,1990-01-01
Illinois,32542.0,1990,1990-01-01
Indiana,26928.0,1990,1990-01-01
Iowa,27288.0,1990,1990-01-01
Kansas,29917.0,1990,1990-01-01
Kentucky,24780.0,1990,1990-01-01
Louisiana,22405.0,1990,1990-01-01
Maine,27464.0,1990,1990-01-01
Maryland,38857.0,1990,1990-01-01
Massachusetts,36247.0,1990,1990-01-01
Michigan,29937.0,1990,1990-01-01
Minnesota,31465.0,1990,1990-01-01
Mississippi,20178.0,1990,1990-01-01
Missouri,27332.0,1990,1990-01-01
Montana,23375.0,1990,1990-01-01
Nebraska,27482.0,1990,1990-01-01
Nevada,32023.0,1990,1990-01-01
New Hampshire,40805.0,1990,1990-01-01
New Jersey,38734.0,1990,1990-01-01
New Mexico,25039.0,1990,1990-01-01
New York,31591.0,1990,1990-01-01
North Carolina,26329.0,1990,1990-01-01
North Dakota,25264.0,1990,1990-01-01
Ohio,30013.0,1990,1990-01-01
Oklahoma,24384.0,1990,1990-01-01
Oregon,29281.0,1990,1990-01-01
Pennsylvania,29005.0,1990,1990-01-01
Rhode Island,31968.0,1990,1990-01-01
South Carolina,28735.0,1990,1990-01-01
South Dakota,24571.0,1990,1990-01-01
Tennessee,22592.0,1990,1990-01-01
Texas,28228.0,1990,1990-01-01
Utah,30142.0,1990,1990-01-01
Vermont,31098.0,1990,1990-01-01
Virginia,35073.0,1990,1990-01-01
Washington,32112.0,1990,1990-01-01
West Virginia,22137.0,1990,1990-01-01
Wisconsin,30711.0,1990,1990-01-01
Wyoming,29460.0,1990,1990-01-01
United States,28906.0,1989,1989-01-01
Alabama,21284.0,1989,1989-01-01
Alaska,36006.0,1989,1989-01-01
Arizona,28552.0,1989,1989-01-01
Arkansas,21433.0,1989,1989-01-01
California,33009.0,1989,1989-01-01
Colorado,26806.0,1989,1989-01-01
Connecticut,42321.0,1989,1989-01-01
Delaware,32068.0,1989,1989-01-01
D.C.,26752.0,1989,1989-01-01
Florida,26085.0,1989,1989-01-01
Georgia,27542.0,1989,1989-01-01
Hawaii,35035.0,1989,1989-01-01
Idaho,24654.0,1989,1989-01-01
Illinois,31300.0,1989,1989-01-01
Indiana,25898.0,1989,1989-01-01
Iowa,26265.0,1989,1989-01-01
Kansas,26862.0,1989,1989-01-01
Kentucky,23283.0,1989,1989-01-01
Louisiana,22861.0,1989,1989-01-01
Maine,28221.0,1989,1989-01-01
Maryland,36016.0,1989,1989-01-01
Massachusetts,36086.0,1989,1989-01-01
Michigan,30775.0,1989,1989-01-01
Minnesota,30185.0,1989,1989-01-01
Mississippi,19917.0,1989,1989-01-01
Missouri,26497.0,1989,1989-01-01
Montana,23692.0,1989,1989-01-01
Nebraska,26319.0,1989,1989-01-01
Nevada,29340.0,1989,1989-01-01
New Hampshire,37532.0,1989,1989-01-01
New Jersey,39120.0,1989,1989-01-01
New Mexico,22602.0,1989,1989-01-01
New York,31496.0,1989,1989-01-01
North Carolina,26406.0,1989,1989-01-01
North Dakota,25229.0,1989,1989-01-01
Ohio,29021.0,1989,1989-01-01
Oklahoma,23667.0,1989,1989-01-01
Oregon,28529.0,1989,1989-01-01
Pennsylvania,28690.0,1989,1989-01-01
Rhode Island,30124.0,1989,1989-01-01
South Carolina,23798.0,1989,1989-01-01
South Dakota,24108.0,1989,1989-01-01
Tennessee,22611.0,1989,1989-01-01
Texas,25886.0,1989,1989-01-01
Utah,30717.0,1989,1989-01-01
Vermont,31295.0,1989,1989-01-01
Virginia,34118.0,1989,1989-01-01
Washington,31961.0,1989,1989-01-01
West Virginia,21677.0,1989,1989-01-01
Wisconsin,29123.0,1989,1989-01-01
Wyoming,29521.0,1989,1989-01-01
United States,27225.0,1988,1988-01-01
Alabama,19948.0,1988,1988-01-01
Alaska,33103.0,1988,1988-01-01
Arizona,26435.0,1988,1988-01-01
Arkansas,20172.0,1988,1988-01-01
California,30287.0,1988,1988-01-01
Colorado,26214.0,1988,1988-01-01
Connecticut,36213.0,1988,1988-01-01
Delaware,30505.0,1988,1988-01-01
D.C.,26741.0,1988,1988-01-01
Florida,25406.0,1988,1988-01-01
Georgia,26566.0,1988,1988-01-01
Hawaii,33024.0,1988,1988-01-01
Idaho,23450.0,1988,1988-01-01
Illinois,29524.0,1988,1988-01-01
Indiana,26293.0,1988,1988-01-01
Iowa,24305.0,1988,1988-01-01
Kansas,25566.0,1988,1988-01-01
Kentucky,19907.0,1988,1988-01-01
Louisiana,20497.0,1988,1988-01-01
Maine,26402.0,1988,1988-01-01
Maryland,36552.0,1988,1988-01-01
Massachusetts,33213.0,1988,1988-01-01
Michigan,29472.0,1988,1988-01-01
Minnesota,29087.0,1988,1988-01-01
Mississippi,18166.0,1988,1988-01-01
Missouri,23443.0,1988,1988-01-01
Montana,22231.0,1988,1988-01-01
Nebraska,25159.0,1988,1988-01-01
Nevada,27983.0,1988,1988-01-01
New Hampshire,34625.0,1988,1988-01-01
New Jersey,36287.0,1988,1988-01-01
New Mexico,19296.0,1988,1988-01-01
New York,28915.0,1988,1988-01-01
North Carolina,24415.0,1988,1988-01-01
North Dakota,24092.0,1988,1988-01-01
Ohio,27740.0,1988,1988-01-01
Oklahoma,23667.0,1988,1988-01-01
Oregon,27748.0,1988,1988-01-01
Pennsylvania,26742.0,1988,1988-01-01
Rhode Island,29842.0,1988,1988-01-01
South Carolina,25533.0,1988,1988-01-01
South Dakota,22294.0,1988,1988-01-01
Tennessee,20856.0,1988,1988-01-01
Texas,24963.0,1988,1988-01-01
Utah,26313.0,1988,1988-01-01
Vermont,28988.0,1988,1988-01-01
Virginia,32648.0,1988,1988-01-01
Washington,32327.0,1988,1988-01-01
West Virginia,19353.0,1988,1988-01-01
Wisconsin,29575.0,1988,1988-01-01
Wyoming,26419.0,1988,1988-01-01
United States,26061.0,1987,1987-01-01
Alabama,19734.0,1987,1987-01-01
Alaska,33233.0,1987,1987-01-01
Arizona,26749.0,1987,1987-01-01
Arkansas,18827.0,1987,1987-01-01
California,30146.0,1987,1987-01-01
Colorado,26476.0,1987,1987-01-01
Connecticut,32862.0,1987,1987-01-01
Delaware,29244.0,1987,1987-01-01
D.C.,27455.0,1987,1987-01-01
Florida,24489.0,1987,1987-01-01
Georgia,26714.0,1987,1987-01-01
Hawaii,35022.0,1987,1987-01-01
Idaho,20755.0,1987,1987-01-01
Illinois,27084.0,1987,1987-01-01
Indiana,22519.0,1987,1987-01-01
Iowa,22190.0,1987,1987-01-01
Kansas,25583.0,1987,1987-01-01
Kentucky,20673.0,1987,1987-01-01
Louisiana,21349.0,1987,1987-01-01
Maine,23600.0,1987,1987-01-01
Maryland,34970.0,1987,1987-01-01
Massachusetts,32241.0,1987,1987-01-01
Michigan,27702.0,1987,1987-01-01
Minnesota,28082.0,1987,1987-01-01
Mississippi,18513.0,1987,1987-01-01
Missouri,23720.0,1987,1987-01-01
Montana,20474.0,1987,1987-01-01
Nebraska,23268.0,1987,1987-01-01
Nevada,26878.0,1987,1987-01-01
New Hampshire,32338.0,1987,1987-01-01
New Jersey,34241.0,1987,1987-01-01
New Mexico,20758.0,1987,1987-01-01
New York,26384.0,1987,1987-01-01
North Carolina,22760.0,1987,1987-01-01
North Dakota,22576.0,1987,1987-01-01
Ohio,25773.0,1987,1987-01-01
Oklahoma,21691.0,1987,1987-01-01
Oregon,25038.0,1987,1987-01-01
Pennsylvania,25424.0,1987,1987-01-01
Rhode Island,28292.0,1987,1987-01-01
South Carolina,25049.0,1987,1987-01-01
South Dakota,21151.0,1987,1987-01-01
Tennessee,21179.0,1987,1987-01-01
Texas,24721.0,1987,1987-01-01
Utah,26529.0,1987,1987-01-01
Vermont,25415.0,1987,1987-01-01
Virginia,29996.0,1987,1987-01-01
Washington,27319.0,1987,1987-01-01
West Virginia,17207.0,1987,1987-01-01
Wisconsin,26369.0,1987,1987-01-01
Wyoming,27590.0,1987,1987-01-01
United States,24897.0,1986,1986-01-01
Alabama,19132.0,1986,1986-01-01
Alaska,31356.0,1986,1986-01-01
Arizona,25500.0,1986,1986-01-01
Arkansas,18730.0,1986,1986-01-01
California,29010.0,1986,1986-01-01
Colorado,27192.0,1986,1986-01-01
Connecticut,32721.0,1986,1986-01-01
Delaware,25626.0,1986,1986-01-01
D.C.,24322.0,1986,1986-01-01
Florida,22849.0,1986,1986-01-01
Georgia,24370.0,1986,1986-01-01
Hawaii,29003.0,1986,1986-01-01
Idaho,20749.0,1986,1986-01-01
Illinois,26511.0,1986,1986-01-01
Indiana,22728.0,1986,1986-01-01
Iowa,22459.0,1986,1986-01-01
Kansas,23926.0,1986,1986-01-01
Kentucky,19874.0,1986,1986-01-01
Louisiana,20890.0,1986,1986-01-01
Maine,23424.0,1986,1986-01-01
Maryland,30604.0,1986,1986-01-01
Massachusetts,30339.0,1986,1986-01-01
Michigan,26605.0,1986,1986-01-01
Minnesota,26443.0,1986,1986-01-01
Mississippi,16513.0,1986,1986-01-01
Missouri,21925.0,1986,1986-01-01
Montana,20328.0,1986,1986-01-01
Nebraska,21772.0,1986,1986-01-01
Nevada,26217.0,1986,1986-01-01
New Hampshire,30548.0,1986,1986-01-01
New Jersey,31715.0,1986,1986-01-01
New Mexico,19845.0,1986,1986-01-01
New York,25025.0,1986,1986-01-01
North Carolina,21861.0,1986,1986-01-01
North Dakota,21508.0,1986,1986-01-01
Ohio,25115.0,1986,1986-01-01
Oklahoma,20948.0,1986,1986-01-01
Oregon,24773.0,1986,1986-01-01
Pennsylvania,23807.0,1986,1986-01-01
Rhode Island,26540.0,1986,1986-01-01
South Carolina,21968.0,1986,1986-01-01
South Dakota,19898.0,1986,1986-01-01
Tennessee,18256.0,1986,1986-01-01
Texas,24162.0,1986,1986-01-01
Utah,26281.0,1986,1986-01-01
Vermont,24599.0,1986,1986-01-01
Virginia,29715.0,1986,1986-01-01
Washington,26881.0,1986,1986-01-01
West Virginia,16464.0,1986,1986-01-01
Wisconsin,26430.0,1986,1986-01-01
Wyoming,23559.0,1986,1986-01-01
United States,23618.0,1985,1985-01-01
Alabama,18333.0,1985,1985-01-01
Alaska,34782.0,1985,1985-01-01
Arizona,23877.0,1985,1985-01-01
Arkansas,17451.0,1985,1985-01-01
California,26981.0,1985,1985-01-01
Colorado,28182.0,1985,1985-01-01
Connecticut,31090.0,1985,1985-01-01
Delaware,22980.0,1985,1985-01-01
D.C.,21076.0,1985,1985-01-01
Florida,21343.0,1985,1985-01-01
Georgia,21049.0,1985,1985-01-01
Hawaii,28961.0,1985,1985-01-01
Idaho,20761.0,1985,1985-01-01
Illinois,24870.0,1985,1985-01-01
Indiana,22675.0,1985,1985-01-01
Iowa,20927.0,1985,1985-01-01
Kansas,22788.0,1985,1985-01-01
Kentucky,17361.0,1985,1985-01-01
Louisiana,21179.0,1985,1985-01-01
Maine,20519.0,1985,1985-01-01
Maryland,30136.0,1985,1985-01-01
Massachusetts,28207.0,1985,1985-01-01
Michigan,24242.0,1985,1985-01-01
Minnesota,23856.0,1985,1985-01-01
Mississippi,16413.0,1985,1985-01-01
Missouri,21939.0,1985,1985-01-01
Montana,20236.0,1985,1985-01-01
Nebraska,21799.0,1985,1985-01-01
Nevada,23274.0,1985,1985-01-01
New Hampshire,26403.0,1985,1985-01-01
New Jersey,30980.0,1985,1985-01-01
New Mexico,20423.0,1985,1985-01-01
New York,23639.0,1985,1985-01-01
North Carolina,21451.0,1985,1985-01-01
North Dakota,21205.0,1985,1985-01-01
Ohio,25174.0,1985,1985-01-01
Oklahoma,21205.0,1985,1985-01-01
Oregon,21894.0,1985,1985-01-01
Pennsylvania,22877.0,1985,1985-01-01
Rhode Island,24625.0,1985,1985-01-01
South Carolina,20036.0,1985,1985-01-01
South Dakota,18142.0,1985,1985-01-01
Tennessee,17778.0,1985,1985-01-01
Texas,23743.0,1985,1985-01-01
Utah,25238.0,1985,1985-01-01
Vermont,26000.0,1985,1985-01-01
Virginia,28429.0,1985,1985-01-01
Washington,24000.0,1985,1985-01-01
West Virginia,15983.0,1985,1985-01-01
Wisconsin,23246.0,1985,1985-01-01
Wyoming,22081.0,1985,1985-01-01
United States,22415.0,1984,1984-01-01
Alabama,17310.0,1984,1984-01-01
Alaska,32356.0,1984,1984-01-01
Arizona,21425.0,1984,1984-01-01
Arkansas,15674.0,1984,1984-01-01
California,25287.0,1984,1984-01-01
Colorado,25801.0,1984,1984-01-01
Connecticut,29951.0,1984,1984-01-01
Delaware,25819.0,1984,1984-01-01
D.C.,20408.0,1984,1984-01-01
Florida,19785.0,1984,1984-01-01
Georgia,19984.0,1984,1984-01-01
Hawaii,28877.0,1984,1984-01-01
Idaho,21092.0,1984,1984-01-01
Illinois,23752.0,1984,1984-01-01
Indiana,22770.0,1984,1984-01-01
Iowa,19863.0,1984,1984-01-01
Kansas,24629.0,1984,1984-01-01
Kentucky,17680.0,1984,1984-01-01
Louisiana,18949.0,1984,1984-01-01
Maine,20648.0,1984,1984-01-01
Maryland,29708.0,1984,1984-01-01
Massachusetts,26959.0,1984,1984-01-01
Michigan,22965.0,1984,1984-01-01
Minnesota,24436.0,1984,1984-01-01
Mississippi,15430.0,1984,1984-01-01
Missouri,20775.0,1984,1984-01-01
Montana,19536.0,1984,1984-01-01
Nebraska,21397.0,1984,1984-01-01
Nevada,25776.0,1984,1984-01-01
New Hampshire,25914.0,1984,1984-01-01
New Jersey,27776.0,1984,1984-01-01
New Mexico,20630.0,1984,1984-01-01
New York,22027.0,1984,1984-01-01
North Carolina,20569.0,1984,1984-01-01
North Dakota,20771.0,1984,1984-01-01
Ohio,23123.0,1984,1984-01-01
Oklahoma,21148.0,1984,1984-01-01
Oregon,21399.0,1984,1984-01-01
Pennsylvania,20346.0,1984,1984-01-01
Rhode Island,21612.0,1984,1984-01-01
South Carolina,20309.0,1984,1984-01-01
South Dakota,19409.0,1984,1984-01-01
Tennessee,16782.0,1984,1984-01-01
Texas,23024.0,1984,1984-01-01
Utah,23057.0,1984,1984-01-01
Vermont,22578.0,1984,1984-01-01
Virginia,26525.0,1984,1984-01-01
Washington,25017.0,1984,1984-01-01
West Virginia,16843.0,1984,1984-01-01
Wisconsin,20743.0,1984,1984-01-01
Wyoming,23816.0,1984,1984-01-01
